プレイリスト名,順,曲名,アーティスト,アルバム,リリース年,追加日,長さ,playlist_id,track_id,spotify
☀️ 夏の朝、元気玉｜ごきげん補給所,1,君は天然色,Eiichi Ohtaki,,2021,,5:06,7kIBFXAmcAJiMJ7NQmvcxK,0LyR8MZT3A2tp58dgHeNhB,https://open.spotify.com/track/0LyR8MZT3A2tp58dgHeNhB
☀️ 夏の朝、元気玉｜ごきげん補給所,2,夏の扉,Seiko Matsuda,,1980,,3:29,7kIBFXAmcAJiMJ7NQmvcxK,2vtv8YU7UcV1KclUJzeUps,https://open.spotify.com/track/2vtv8YU7UcV1KclUJzeUps
☀️ 夏の朝、元気玉｜ごきげん補給所,3,WINDY SUMMER,Anri,,1983,,4:06,7kIBFXAmcAJiMJ7NQmvcxK,7fgmo2cHGzWLexkRhBeECj,https://open.spotify.com/track/7fgmo2cHGzWLexkRhBeECj
☀️ 夏の朝、元気玉｜ごきげん補給所,4,BLUE LAGOON,Masayoshi Takanaka,,2014,,6:46,7kIBFXAmcAJiMJ7NQmvcxK,0GNXKjj2EnKyAD2jULRBB9,https://open.spotify.com/track/0GNXKjj2EnKyAD2jULRBB9
☀️ 夏の朝、元気玉｜ごきげん補給所,5,RYDEEN,"YELLOW MAGIC ORCHESTRA, 吉沢典夫",,1979,,4:26,7kIBFXAmcAJiMJ7NQmvcxK,248FNZNsD2V9zuWKnp4YJD,https://open.spotify.com/track/248FNZNsD2V9zuWKnp4YJD
☀️ 夏の朝、元気玉｜ごきげん補給所,6,Here Comes The Sun - Remastered 2009,The Beatles,,1969,,3:05,7kIBFXAmcAJiMJ7NQmvcxK,6dGnYIeXmHdcikdzNNDMm2,https://open.spotify.com/track/6dGnYIeXmHdcikdzNNDMm2
☀️ 夏の朝、元気玉｜ごきげん補給所,7,Lovely Day,Bill Withers,,1977,,4:17,7kIBFXAmcAJiMJ7NQmvcxK,0bRXwKfigvpKZUurwqAlEh,https://open.spotify.com/track/0bRXwKfigvpKZUurwqAlEh
☀️ 夏の朝、元気玉｜ごきげん補給所,8,Walking On Sunshine,Katrina & The Waves,,1985,,3:58,7kIBFXAmcAJiMJ7NQmvcxK,05wIrZSwuaVWhcv5FfqeH0,https://open.spotify.com/track/05wIrZSwuaVWhcv5FfqeH0
☀️ 夏の朝、元気玉｜ごきげん補給所,9,September,"Earth, Wind & Fire",,1978,,3:35,7kIBFXAmcAJiMJ7NQmvcxK,2grjqo0Frpf2okIBiifQKs,https://open.spotify.com/track/2grjqo0Frpf2okIBiifQKs
☀️ 夏の朝、元気玉｜ごきげん補給所,10,東京は夜の七時,Pizzicato Five,,2019,,4:57,7kIBFXAmcAJiMJ7NQmvcxK,0JhYO042gz7lBj98SCTM5P,https://open.spotify.com/track/0JhYO042gz7lBj98SCTM5P
☀️ 夏の朝、元気玉｜ごきげん補給所,11,Sir Duke,Stevie Wonder,,1976,,3:52,7kIBFXAmcAJiMJ7NQmvcxK,4pNiE4LCVV74vfIBaUHm1b,https://open.spotify.com/track/4pNiE4LCVV74vfIBaUHm1b
☀️ 夏の朝、元気玉｜ごきげん補給所,12,Volare (Nel Blu di Pinto di Blu),Gipsy Kings,,1989,,3:38,7kIBFXAmcAJiMJ7NQmvcxK,4OjJAGDDZTLlTNeOMBl7UM,https://open.spotify.com/track/4OjJAGDDZTLlTNeOMBl7UM
☀️ 夏の朝、元気玉｜ごきげん補給所,13,Surfin' U.S.A. - Remastered 2001,The Beach Boys,,1963,,2:29,7kIBFXAmcAJiMJ7NQmvcxK,0wz1LjDb9ZNEYwOmDJ3Q4b,https://open.spotify.com/track/0wz1LjDb9ZNEYwOmDJ3Q4b
☀️ 夏の朝、元気玉｜ごきげん補給所,14,Good Vibrations,The Beach Boys,,2011,,4:15,7kIBFXAmcAJiMJ7NQmvcxK,6aU6a9tdn2vHhnPGlboFZX,https://open.spotify.com/track/6aU6a9tdn2vHhnPGlboFZX
☀️ 夏の朝、元気玉｜ごきげん補給所,15,Margaritaville,Jimmy Buffett,,1977,,4:10,7kIBFXAmcAJiMJ7NQmvcxK,4EEjMyQub6tgFVshlM9j1M,https://open.spotify.com/track/4EEjMyQub6tgFVshlM9j1M
☀️ 夏の朝、元気玉｜ごきげん補給所,16,The Look Of Love,Sergio Mendes & Brasil '66,,1966,,2:46,7kIBFXAmcAJiMJ7NQmvcxK,6QeXqr6JQInV8Q8WDndmBn,https://open.spotify.com/track/6QeXqr6JQInV8Q8WDndmBn
☀️ 夏の朝、元気玉｜ごきげん補給所,17,Three Little Birds,Bob Marley & The Wailers,,2002,,3:00,7kIBFXAmcAJiMJ7NQmvcxK,7vggqxNKwd6xdRoYS0pQtM,https://open.spotify.com/track/7vggqxNKwd6xdRoYS0pQtM
☀️ 夏の朝、元気玉｜ごきげん補給所,18,Day-O (The Banana Boat Song) - Live,Harry Belafonte,,1959,,3:40,7kIBFXAmcAJiMJ7NQmvcxK,2DOiZTCDcjkmcBBPARqLtj,https://open.spotify.com/track/2DOiZTCDcjkmcBBPARqLtj
☀️ 夏の朝、元気玉｜ごきげん補給所,19,Che Sarà,José Feliciano,,1996,,4:06,7kIBFXAmcAJiMJ7NQmvcxK,6iqsiU2itAGNSd77Uq1esa,https://open.spotify.com/track/6iqsiU2itAGNSd77Uq1esa
☀️ 夏の朝、元気玉｜ごきげん補給所,20,Summer Night City,ABBA,,1979,,3:34,7kIBFXAmcAJiMJ7NQmvcxK,35iCSlFxyiawRBUOtQAkeT,https://open.spotify.com/track/35iCSlFxyiawRBUOtQAkeT
☀️ 夏の朝、元気玉｜ごきげん補給所,21,Africa,TOTO,,1982,,4:55,7kIBFXAmcAJiMJ7NQmvcxK,2374M0fQpWi3dLnB54qaLX,https://open.spotify.com/track/2374M0fQpWi3dLnB54qaLX
☀️ 夏の朝、元気玉｜ごきげん補給所,22,Don't Stop 'Til You Get Enough,Michael Jackson,,1979,,6:04,7kIBFXAmcAJiMJ7NQmvcxK,46eu3SBuFCXWsPT39Yg3tJ,https://open.spotify.com/track/46eu3SBuFCXWsPT39Yg3tJ
☀️ 夏の朝、元気玉｜ごきげん補給所,23,Celebration,Kool & The Gang,,1980,,4:58,7kIBFXAmcAJiMJ7NQmvcxK,3K7Q9PHUWPTaknlbFPThn2,https://open.spotify.com/track/3K7Q9PHUWPTaknlbFPThn2
☀️ 夏の朝、元気玉｜ごきげん補給所,24,Le Freak,CHIC,,1991,,5:27,7kIBFXAmcAJiMJ7NQmvcxK,4qL9VYPB4XwJKAOq4xn2Mh,https://open.spotify.com/track/4qL9VYPB4XwJKAOq4xn2Mh
☀️ 夏の朝、元気玉｜ごきげん補給所,25,Upside Down,Diana Ross,,1980,,4:05,7kIBFXAmcAJiMJ7NQmvcxK,3pbtBomO4Zt5gGiqsYeiBH,https://open.spotify.com/track/3pbtBomO4Zt5gGiqsYeiBH
☀️ 夏の朝、元気玉｜ごきげん補給所,26,Blame It on the Boogie,The Jacksons,,1978,,3:35,7kIBFXAmcAJiMJ7NQmvcxK,3qI94hINNNeb4S7xQi18lS,https://open.spotify.com/track/3qI94hINNNeb4S7xQi18lS
☀️ 夏の朝、元気玉｜ごきげん補給所,27,シーズン・イン・ザ・サン,TUBE,,2015,,4:03,7kIBFXAmcAJiMJ7NQmvcxK,59Mhb63LPfxbsOq74bqBar,https://open.spotify.com/track/59Mhb63LPfxbsOq74bqBar
☀️ 夏の朝、元気玉｜ごきげん補給所,28,CAT'S EYE,Anri,,1988,,3:22,7kIBFXAmcAJiMJ7NQmvcxK,7FGbwJMZxCbW6U8aGNBgOm,https://open.spotify.com/track/7FGbwJMZxCbW6U8aGNBgOm
☀️ 夏の朝、元気玉｜ごきげん補給所,29,淋しい熱帯魚,Wink,,1995,,4:28,7kIBFXAmcAJiMJ7NQmvcxK,3uBuBPPHoMVQp2GFCAGbDP,https://open.spotify.com/track/3uBuBPPHoMVQp2GFCAGbDP
☀️ 夏の朝、元気玉｜ごきげん補給所,30,ultra soul,B'z,,2001,,3:38,7kIBFXAmcAJiMJ7NQmvcxK,5QAZVZA3FN1s368XgijXHZ,https://open.spotify.com/track/5QAZVZA3FN1s368XgijXHZ
☀️ 夏の朝、元気玉｜ごきげん補給所,31,決戦は金曜日,DREAMS COME TRUE,,1992,,4:43,7kIBFXAmcAJiMJ7NQmvcxK,7iunyO2biewHVCt7ofOrtq,https://open.spotify.com/track/7iunyO2biewHVCt7ofOrtq
☀️ 夏の朝、元気玉｜ごきげん補給所,32,浪漫飛行,Kome Kome Club,,1987,,4:06,7kIBFXAmcAJiMJ7NQmvcxK,4lPEdvGVptFXUMk8DKMLnF,https://open.spotify.com/track/4lPEdvGVptFXUMk8DKMLnF
☀️ 夏の朝、元気玉｜ごきげん補給所,33,夏色,YUZU,,1998,,3:22,7kIBFXAmcAJiMJ7NQmvcxK,3nYe3TNoETmeXkseSdnUFz,https://open.spotify.com/track/3nYe3TNoETmeXkseSdnUFz
☀️ 夏の朝、元気玉｜ごきげん補給所,34,エロティカ・セブン　EROTICA SEVEN,SOUTHERN ALL STARS,,1993,,4:00,7kIBFXAmcAJiMJ7NQmvcxK,3cL7lXa3QIPDSiWFbKEyke,https://open.spotify.com/track/3cL7lXa3QIPDSiWFbKEyke
☀️ 夏の朝、元気玉｜ごきげん補給所,35,夏のクラクション,Junichi Inagaki,,1983,,3:50,7kIBFXAmcAJiMJ7NQmvcxK,0amHaWvbCh9heYbmFfIcWh,https://open.spotify.com/track/0amHaWvbCh9heYbmFfIcWh
☀️ 夏の朝、元気玉｜ごきげん補給所,36,レーザービーム,Perfume,,2019,,3:31,7kIBFXAmcAJiMJ7NQmvcxK,3mqySweT4nISLmcHXFPUsI,https://open.spotify.com/track/3mqySweT4nISLmcHXFPUsI
☀️ 夏の朝、元気玉｜ごきげん補給所,37,花,ORANGE RANGE,,2004,,4:13,7kIBFXAmcAJiMJ7NQmvcxK,5h5ACEliQ9toZ3fJwVc09f,https://open.spotify.com/track/5h5ACEliQ9toZ3fJwVc09f
☀️ 夏の朝、元気玉｜ごきげん補給所,38,アイデンティティ,sakanaction,,2011,,4:06,7kIBFXAmcAJiMJ7NQmvcxK,3Fki7feUIjOBqclsgHsDhL,https://open.spotify.com/track/3Fki7feUIjOBqclsgHsDhL
☀️ 夏の朝、元気玉｜ごきげん補給所,39,本能,Sheena Ringo,,2000,,4:13,7kIBFXAmcAJiMJ7NQmvcxK,1812J9s8WwLihfD0II6TBk,https://open.spotify.com/track/1812J9s8WwLihfD0II6TBk
☀️ 夏の朝、元気玉｜ごきげん補給所,40,花,Fujii Kaze,,2023,,4:06,7kIBFXAmcAJiMJ7NQmvcxK,5RIQU2JDuXC4NkLiHNNMon,https://open.spotify.com/track/5RIQU2JDuXC4NkLiHNNMon
☀️ 夏の朝、元気玉｜ごきげん補給所,41,愛のボラーレ,"Chico & The Gypsies, シゲル・マツザキ",,2013,,3:33,7kIBFXAmcAJiMJ7NQmvcxK,0g23hp3ufesiqllyFDWfx5,https://open.spotify.com/track/0g23hp3ufesiqllyFDWfx5
☀️ 夏の朝、元気玉｜ごきげん補給所,42,Volare,TEE,,2017,,3:42,7kIBFXAmcAJiMJ7NQmvcxK,0mS0QYYxIjDgfVSxko90vM,https://open.spotify.com/track/0mS0QYYxIjDgfVSxko90vM
☀️ 夏の朝、元気玉｜ごきげん補給所,43,若者のすべて,Fujifabric,,2008,,4:56,7kIBFXAmcAJiMJ7NQmvcxK,5dH4asCl80Mvbsoz6zJVyZ,https://open.spotify.com/track/5dH4asCl80Mvbsoz6zJVyZ
☀️ 夏の朝、元気玉｜ごきげん補給所,44,All The Time,Dizkar,,2023,,3:35,7kIBFXAmcAJiMJ7NQmvcxK,0vQXthCdba5al5Jqb3VDWA,https://open.spotify.com/track/0vQXthCdba5al5Jqb3VDWA
☀️ 夏の朝、元気玉｜ごきげん補給所,45,Back In Black,AC/DC,,1980,,4:16,7kIBFXAmcAJiMJ7NQmvcxK,08mG3Y1vljYA6bvDt4Wqkj,https://open.spotify.com/track/08mG3Y1vljYA6bvDt4Wqkj
☀️ 夏の朝、元気玉｜ごきげん補給所,46,Ditto,NewJeans,,2023,,3:05,7kIBFXAmcAJiMJ7NQmvcxK,5702raF31K9rvD6KZ6sCTo,https://open.spotify.com/track/5702raF31K9rvD6KZ6sCTo
亮太,1,Canario,"Emerson, Lake & Palmer",,1978,,4:01,31bBXeyFAGLHm1DbzVAIfK,63cxOZwtyIZXa4NKMxRQKO,https://open.spotify.com/track/63cxOZwtyIZXa4NKMxRQKO
亮太,2,祭りの花を買いに行く,Naomi Chiaki,,2003,,3:10,31bBXeyFAGLHm1DbzVAIfK,4ILBj1BFwzlFRifeHgdEI0,https://open.spotify.com/track/4ILBj1BFwzlFRifeHgdEI0
亮太,3,夢中人 - Live in Hong Kong / 1995,Faye Wong,,1995,,3:47,31bBXeyFAGLHm1DbzVAIfK,18breQISwOimo457ysP1xg,https://open.spotify.com/track/18breQISwOimo457ysP1xg
亮太,4,夢中人 - Live,Faye Wong,,1999,,3:52,31bBXeyFAGLHm1DbzVAIfK,68XrYK342lwWh88kjyYlps,https://open.spotify.com/track/68XrYK342lwWh88kjyYlps
亮太,5,彼と彼女のソネット,Taeko Onuki,,2013,,3:48,31bBXeyFAGLHm1DbzVAIfK,6HzQ4X6HfqswLoQtrmVhgt,https://open.spotify.com/track/6HzQ4X6HfqswLoQtrmVhgt
亮太,6,一切合財余も末だ,友川かずき,,2004,,4:11,31bBXeyFAGLHm1DbzVAIfK,3jftP4punumhPoa9xXuX5W,https://open.spotify.com/track/3jftP4punumhPoa9xXuX5W
亮太,7,夜しか泳げない（Remastered 2022）,SION,,2022,,4:25,31bBXeyFAGLHm1DbzVAIfK,15XKggdOjEJh4sZjY5F6hC,https://open.spotify.com/track/15XKggdOjEJh4sZjY5F6hC
亮太,8,ケテルビー,Tokusatsu,,2015,,4:45,31bBXeyFAGLHm1DbzVAIfK,6VOjqDj0zozJFXPDfexgvB,https://open.spotify.com/track/6VOjqDj0zozJFXPDfexgvB
亮太,9,Lullaby,Lau Laursen,,1989,,4:06,31bBXeyFAGLHm1DbzVAIfK,4RABCSgGk5rSKunwNoaNFl,https://open.spotify.com/track/4RABCSgGk5rSKunwNoaNFl
亮太,10,Blowin' in the Wind,Bob Dylan,,1963,,2:48,31bBXeyFAGLHm1DbzVAIfK,18GiV1BaXzPVYpp9rmOg0E,https://open.spotify.com/track/18GiV1BaXzPVYpp9rmOg0E
亮太,11,Girl from the North Country,Bob Dylan,,1963,,3:23,31bBXeyFAGLHm1DbzVAIfK,739sLmfUkVFoyPtb0C3263,https://open.spotify.com/track/739sLmfUkVFoyPtb0C3263
亮太,12,Masters of War,Bob Dylan,,1963,,4:38,31bBXeyFAGLHm1DbzVAIfK,7xVpkVkd1klTzLJEysIR7z,https://open.spotify.com/track/7xVpkVkd1klTzLJEysIR7z
亮太,13,Down the Highway,Bob Dylan,,1963,,3:32,31bBXeyFAGLHm1DbzVAIfK,7fzLfsWsXVvStzsk9yRfbG,https://open.spotify.com/track/7fzLfsWsXVvStzsk9yRfbG
亮太,14,Bob Dylan's Blues,Bob Dylan,,1963,,2:28,31bBXeyFAGLHm1DbzVAIfK,1xa66kvw6zwboiW7c8W9t8,https://open.spotify.com/track/1xa66kvw6zwboiW7c8W9t8
亮太,15,A Hard Rain's A-Gonna Fall,Bob Dylan,,1963,,6:52,31bBXeyFAGLHm1DbzVAIfK,7ny2ATvjtKszCpLpfsGnVQ,https://open.spotify.com/track/7ny2ATvjtKszCpLpfsGnVQ
亮太,16,"Don't Think Twice, It's All Right",Bob Dylan,,1963,,3:40,31bBXeyFAGLHm1DbzVAIfK,2WOjLF83vqjit2Zh4B69V3,https://open.spotify.com/track/2WOjLF83vqjit2Zh4B69V3
亮太,17,Bob Dylan's Dream,Bob Dylan,,1963,,5:02,31bBXeyFAGLHm1DbzVAIfK,4MNxOR2Fu4NqJ892UdYx0h,https://open.spotify.com/track/4MNxOR2Fu4NqJ892UdYx0h
亮太,18,Oxford Town,Bob Dylan,,1963,,1:50,31bBXeyFAGLHm1DbzVAIfK,7Ay1lHxhuM33NoXKsS0iom,https://open.spotify.com/track/7Ay1lHxhuM33NoXKsS0iom
亮太,19,Talkin' World War III Blues,Bob Dylan,,1963,,6:27,31bBXeyFAGLHm1DbzVAIfK,0ePDsEDDIPZNpbwRUEXKoX,https://open.spotify.com/track/0ePDsEDDIPZNpbwRUEXKoX
亮太,20,"Corrina, Corrina",Bob Dylan,,1963,,2:44,31bBXeyFAGLHm1DbzVAIfK,1L4RtuEiAiwdX5taX4meLI,https://open.spotify.com/track/1L4RtuEiAiwdX5taX4meLI
亮太,21,"Honey, Just Allow Me One More Chance",Bob Dylan,,1963,,2:00,31bBXeyFAGLHm1DbzVAIfK,71XTdtW3bvmIrotG8yYVMS,https://open.spotify.com/track/71XTdtW3bvmIrotG8yYVMS
亮太,22,I Shall Be Free,Bob Dylan,,1963,,4:46,31bBXeyFAGLHm1DbzVAIfK,0D7qLnnev1iKpH5RNT7YsD,https://open.spotify.com/track/0D7qLnnev1iKpH5RNT7YsD
資本主義（コテンラジオ）,1,【28-1】カネを持ってりゃ偉いのか!? 人類史を変えた「資本主義」の正体【COTEN RADIO 資本主義編1】,歴史を面白く学ぶコテンラジオ （COTEN RADIO）,,,,63:55,2q7R4b6y54RFZUIarYXUTK,7nlePJcrfYGKDWAorevRci,https://open.spotify.com/track/7nlePJcrfYGKDWAorevRci
資本主義（コテンラジオ）,2,【28-2】資本主義の経済学史　〜現代人が知っておくべきレジェンド学者たちの持論！〜【COTEN RADIO 資本主義編2】,歴史を面白く学ぶコテンラジオ （COTEN RADIO）,,,,47:07,2q7R4b6y54RFZUIarYXUTK,7bFFOPCYpVqOxQS2uglzsQ,https://open.spotify.com/track/7bFFOPCYpVqOxQS2uglzsQ
資本主義（コテンラジオ）,3,【28-3】ポスト資本主義　ー現代人が彩る新たな社会のグラデーションー【COTEN RADIO 資本主義編3】,歴史を面白く学ぶコテンラジオ （COTEN RADIO）,,,,52:28,2q7R4b6y54RFZUIarYXUTK,2vivFJCxJGfp0zQ5z1Z23R,https://open.spotify.com/track/2vivFJCxJGfp0zQ5z1Z23R
資本主義（コテンラジオ）,4,【28-4】株式会社COTENの大実験　〜ポスト資本主義と皆でつくる新たな世界〜【COTEN RADIO 資本主義編4】,歴史を面白く学ぶコテンラジオ （COTEN RADIO）,,,,47:51,2q7R4b6y54RFZUIarYXUTK,2tM7CweiQkm6d0IYlvuR5n,https://open.spotify.com/track/2tM7CweiQkm6d0IYlvuR5n
🌙 夏の夜、お茶いれました｜ごきげん補給所,1,恋は桃色,Haruomi Hosono,,1973,,2:48,2HhPS7KGOgnjtpkVUsrPH0,1WxNKlBeInfGqSAilagfE6,https://open.spotify.com/track/1WxNKlBeInfGqSAilagfE6
🌙 夏の夜、お茶いれました｜ごきげん補給所,2,少年時代 - Remastered 2018,Yosui Inoue,,1990,,3:21,2HhPS7KGOgnjtpkVUsrPH0,66YLc8VbZSm4FH9uauxlrs,https://open.spotify.com/track/66YLc8VbZSm4FH9uauxlrs
🌙 夏の夜、お茶いれました｜ごきげん補給所,3,エイリアンズ,KIRINJI,,2000,,6:04,2HhPS7KGOgnjtpkVUsrPH0,5NclFtKE9l08xM8XhDKyzx,https://open.spotify.com/track/5NclFtKE9l08xM8XhDKyzx
🌙 夏の夜、お茶いれました｜ごきげん補給所,4,夏なんです,Happy End,,1971,,3:16,2HhPS7KGOgnjtpkVUsrPH0,5hh9ZqW6V5JlWACNPAnYWA,https://open.spotify.com/track/5hh9ZqW6V5JlWACNPAnYWA
🌙 夏の夜、お茶いれました｜ごきげん補給所,5,やさしさに包まれたなら,"Yumi Matsutoya, Yumi Arai",,2003,,4:08,2HhPS7KGOgnjtpkVUsrPH0,4CGNt8OnZ7dNwauAiPQ0jk,https://open.spotify.com/track/4CGNt8OnZ7dNwauAiPQ0jk
🌙 夏の夜、お茶いれました｜ごきげん補給所,6,夏の終りのハーモニー,"Yosui Inoue, Anzen Chitai",,2017,,4:26,2HhPS7KGOgnjtpkVUsrPH0,3H0gw1zbyZm8vXB0rMqI57,https://open.spotify.com/track/3H0gw1zbyZm8vXB0rMqI57
🌙 夏の夜、お茶いれました｜ごきげん補給所,7,いのちの歌,Mariya Takeuchi,,2014,,4:43,2HhPS7KGOgnjtpkVUsrPH0,0dhG4A3Fs65pX39ZM2NINa,https://open.spotify.com/track/0dhG4A3Fs65pX39ZM2NINa
🌙 夏の夜、お茶いれました｜ごきげん補給所,8,Merry Christmas Mr. Lawrence,Ryuichi Sakamoto,,2024,,5:47,2HhPS7KGOgnjtpkVUsrPH0,3GN2dn9Mw0wliEv68ELDvG,https://open.spotify.com/track/3GN2dn9Mw0wliEv68ELDvG
🌙 夏の夜、お茶いれました｜ごきげん補給所,9,Wave,Antônio Carlos Jobim,,1967,,2:56,2HhPS7KGOgnjtpkVUsrPH0,2hXBS8q9rGMovfG1S8FB4F,https://open.spotify.com/track/2hXBS8q9rGMovfG1S8FB4F
🌙 夏の夜、お茶いれました｜ごきげん補給所,10,Lovin' You,Minnie Riperton,,1974,,3:43,2HhPS7KGOgnjtpkVUsrPH0,3ebYtLVuV4HzEZUDcpZB9p,https://open.spotify.com/track/3ebYtLVuV4HzEZUDcpZB9p
🌙 夏の夜、お茶いれました｜ごきげん補給所,11,Only Time,Enya,,2000,,3:38,2HhPS7KGOgnjtpkVUsrPH0,6FLwmdmW77N1Pxb1aWsZmO,https://open.spotify.com/track/6FLwmdmW77N1Pxb1aWsZmO
🌙 夏の夜、お茶いれました｜ごきげん補給所,12,Summer Wind,Frank Sinatra,,1966,,2:58,2HhPS7KGOgnjtpkVUsrPH0,2cI7j96n1rfv4RNKuri4or,https://open.spotify.com/track/2cI7j96n1rfv4RNKuri4or
🌙 夏の夜、お茶いれました｜ごきげん補給所,13,What A Wonderful World,Louis Armstrong,,1968,,2:19,2HhPS7KGOgnjtpkVUsrPH0,29U7stRjqHU6rMiS8BfaI9,https://open.spotify.com/track/29U7stRjqHU6rMiS8BfaI9
🌙 夏の夜、お茶いれました｜ごきげん補給所,14,Smooth Operator,Sade,,1984,,4:58,2HhPS7KGOgnjtpkVUsrPH0,7pLuEMFougkSHXrPBtNxTR,https://open.spotify.com/track/7pLuEMFougkSHXrPBtNxTR
🌙 夏の夜、お茶いれました｜ごきげん補給所,15,Sweet Love,Anita Baker,,1986,,4:26,2HhPS7KGOgnjtpkVUsrPH0,6Ycf7Ch2VlEKlORbz7yfpJ,https://open.spotify.com/track/6Ycf7Ch2VlEKlORbz7yfpJ
🌙 夏の夜、お茶いれました｜ごきげん補給所,16,Breezin',George Benson,,1976,,5:41,2HhPS7KGOgnjtpkVUsrPH0,1m3BAsNsQAaSNMD2M6vlKY,https://open.spotify.com/track/1m3BAsNsQAaSNMD2M6vlKY
🌙 夏の夜、お茶いれました｜ごきげん補給所,17,We're in This Love Together,Al Jarreau,,1981,,3:46,2HhPS7KGOgnjtpkVUsrPH0,1Let4BYaYSum46nAGO1i6v,https://open.spotify.com/track/1Let4BYaYSum46nAGO1i6v
🌙 夏の夜、お茶いれました｜ごきげん補給所,18,The Look Of Love,Diana Krall,,2001,,4:42,2HhPS7KGOgnjtpkVUsrPH0,3CDHydgW0ssTh59f0jy1y3,https://open.spotify.com/track/3CDHydgW0ssTh59f0jy1y3
🌙 夏の夜、お茶いれました｜ごきげん補給所,19,The Girl From Ipanema,Astrud Gilberto,,1973,,6:35,2HhPS7KGOgnjtpkVUsrPH0,4uC7IrfS1oQuRCVzqj1EJV,https://open.spotify.com/track/4uC7IrfS1oQuRCVzqj1EJV
🌙 夏の夜、お茶いれました｜ごきげん補給所,20,Desafinado,João Gilberto,,2022,,1:58,2HhPS7KGOgnjtpkVUsrPH0,2gHQYQuoGGjpa6I1Km5kSh,https://open.spotify.com/track/2gHQYQuoGGjpa6I1Km5kSh
🌙 夏の夜、お茶いれました｜ごきげん補給所,21,Blue In Green,Miles Davis,,2021,,5:37,2HhPS7KGOgnjtpkVUsrPH0,5Q427qiOu3zUMjgUrTdIR9,https://open.spotify.com/track/5Q427qiOu3zUMjgUrTdIR9
🌙 夏の夜、お茶いれました｜ごきげん補給所,22,Ain't No Sunshine,Bill Withers,,1971,,2:06,2HhPS7KGOgnjtpkVUsrPH0,1k1Bqnv2R0uJXQN4u6LKYt,https://open.spotify.com/track/1k1Bqnv2R0uJXQN4u6LKYt
🌙 夏の夜、お茶いれました｜ごきげん補給所,23,Killing Me Softly With His Song - 2006 Remaster,Roberta Flack,,2006,,4:47,2HhPS7KGOgnjtpkVUsrPH0,3WnyL57IzjD9nbSg293vTF,https://open.spotify.com/track/3WnyL57IzjD9nbSg293vTF
🌙 夏の夜、お茶いれました｜ごきげん補給所,24,Distant Lover,Marvin Gaye,,2023,,4:16,2HhPS7KGOgnjtpkVUsrPH0,7vpkmzisaB8R47XlxyTcfs,https://open.spotify.com/track/7vpkmzisaB8R47XlxyTcfs
🌙 夏の夜、お茶いれました｜ごきげん補給所,25,Unforgettable,Nat King Cole,,1954,,3:11,2HhPS7KGOgnjtpkVUsrPH0,648TTtYB0bH0P8Hfy0FmkL,https://open.spotify.com/track/648TTtYB0bH0P8Hfy0FmkL
🌙 夏の夜、お茶いれました｜ごきげん補給所,26,Summertime,"Ella Fitzgerald, Louis Armstrong",,1958,,4:58,2HhPS7KGOgnjtpkVUsrPH0,2gNjmvuQiEd2z9SqyYi8HH,https://open.spotify.com/track/2gNjmvuQiEd2z9SqyYi8HH
🌙 夏の夜、お茶いれました｜ごきげん補給所,27,Time To Say Goodbye,"Andrea Bocelli, Matteo Bocelli, Hans Zimmer",,2024,,4:54,2HhPS7KGOgnjtpkVUsrPH0,3Brly5ezerfQWcMcygesYY,https://open.spotify.com/track/3Brly5ezerfQWcMcygesYY
🌙 夏の夜、お茶いれました｜ごきげん補給所,28,Bluesette,Toots Thielemans,,1989,,4:34,2HhPS7KGOgnjtpkVUsrPH0,2R5JYdn5oF7rCDZRdbq636,https://open.spotify.com/track/2R5JYdn5oF7rCDZRdbq636
🌙 夏の夜、お茶いれました｜ごきげん補給所,29,4:00A.M.,Taeko Onuki,,1978,,5:36,2HhPS7KGOgnjtpkVUsrPH0,0zoGVO4bQXG8U6ChKwNgeg,https://open.spotify.com/track/0zoGVO4bQXG8U6ChKwNgeg
🌙 夏の夜、お茶いれました｜ごきげん補給所,30,真夏の果実,SOUTHERN ALL STARS,,1990,,4:39,2HhPS7KGOgnjtpkVUsrPH0,3AVLsBieDGotYuo5RPEL64,https://open.spotify.com/track/3AVLsBieDGotYuo5RPEL64
🌙 夏の夜、お茶いれました｜ごきげん補給所,31,楽園,Ken Hirai,,2000,,5:34,2HhPS7KGOgnjtpkVUsrPH0,4j4eXvWiylZqeI2L7U091N,https://open.spotify.com/track/4j4eXvWiylZqeI2L7U091N
🌙 夏の夜、お茶いれました｜ごきげん補給所,32,愛をこめて花束を,Superfly,,2007,,4:55,2HhPS7KGOgnjtpkVUsrPH0,7CmWXD3w1xOO53AAO4LRVQ,https://open.spotify.com/track/7CmWXD3w1xOO53AAO4LRVQ
🌙 夏の夜、お茶いれました｜ごきげん補給所,33,難破船,Akina Nakamori,,1998,,4:28,2HhPS7KGOgnjtpkVUsrPH0,2M7BjFf0KRWAsA7Geg2dNi,https://open.spotify.com/track/2M7BjFf0KRWAsA7Geg2dNi
🌙 夏の夜、お茶いれました｜ごきげん補給所,34,真夜中のドア〜stay with me,Miki Matsubara,,2008,,5:12,2HhPS7KGOgnjtpkVUsrPH0,5cSX07KNlqf8EHQ6VXWgsM,https://open.spotify.com/track/5cSX07KNlqf8EHQ6VXWgsM
🌙 夏の夜、お茶いれました｜ごきげん補給所,35,シルエット・ロマンス,Junko Ohashi,,2003,,4:40,2HhPS7KGOgnjtpkVUsrPH0,25ZT53ABhRs4oDg0j8GtAc,https://open.spotify.com/track/25ZT53ABhRs4oDg0j8GtAc
🌙 夏の夜、お茶いれました｜ごきげん補給所,36,ラ・セゾン,Ann Lewis,,2019,,3:39,2HhPS7KGOgnjtpkVUsrPH0,1gFgWfNh4W8NY50o94oY9J,https://open.spotify.com/track/1gFgWfNh4W8NY50o94oY9J
🌙 夏の夜、お茶いれました｜ごきげん補給所,37,若者のすべて,Fujifabric,,2008,,4:56,2HhPS7KGOgnjtpkVUsrPH0,5dH4asCl80Mvbsoz6zJVyZ,https://open.spotify.com/track/5dH4asCl80Mvbsoz6zJVyZ
🎧 ごきげん補給所｜Joy Relief Station,1,君は天然色,Eiichi Ohtaki,,2021,,5:06,1cPBcHmXkpc9xrIyS7JtSy,0LyR8MZT3A2tp58dgHeNhB,https://open.spotify.com/track/0LyR8MZT3A2tp58dgHeNhB
🎧 ごきげん補給所｜Joy Relief Station,2,いのちの歌,Mariya Takeuchi,,2014,,4:43,1cPBcHmXkpc9xrIyS7JtSy,0dhG4A3Fs65pX39ZM2NINa,https://open.spotify.com/track/0dhG4A3Fs65pX39ZM2NINa
🎧 ごきげん補給所｜Joy Relief Station,3,Lovely Day,Bill Withers,,1977,,4:17,1cPBcHmXkpc9xrIyS7JtSy,0bRXwKfigvpKZUurwqAlEh,https://open.spotify.com/track/0bRXwKfigvpKZUurwqAlEh
🎧 ごきげん補給所｜Joy Relief Station,4,エイリアンズ,KIRINJI,,2000,,6:04,1cPBcHmXkpc9xrIyS7JtSy,5NclFtKE9l08xM8XhDKyzx,https://open.spotify.com/track/5NclFtKE9l08xM8XhDKyzx
🎧 ごきげん補給所｜Joy Relief Station,5,September,"Earth, Wind & Fire",,1978,,3:35,1cPBcHmXkpc9xrIyS7JtSy,2grjqo0Frpf2okIBiifQKs,https://open.spotify.com/track/2grjqo0Frpf2okIBiifQKs
🎧 ごきげん補給所｜Joy Relief Station,6,少年時代 - Remastered 2018,Yosui Inoue,,1990,,3:21,1cPBcHmXkpc9xrIyS7JtSy,66YLc8VbZSm4FH9uauxlrs,https://open.spotify.com/track/66YLc8VbZSm4FH9uauxlrs
🎧 ごきげん補給所｜Joy Relief Station,7,BLUE LAGOON,Masayoshi Takanaka,,2014,,6:46,1cPBcHmXkpc9xrIyS7JtSy,0GNXKjj2EnKyAD2jULRBB9,https://open.spotify.com/track/0GNXKjj2EnKyAD2jULRBB9
🎧 ごきげん補給所｜Joy Relief Station,8,Wave,Antônio Carlos Jobim,,1967,,2:56,1cPBcHmXkpc9xrIyS7JtSy,2hXBS8q9rGMovfG1S8FB4F,https://open.spotify.com/track/2hXBS8q9rGMovfG1S8FB4F
🎧 ごきげん補給所｜Joy Relief Station,9,Here Comes The Sun - Remastered 2009,The Beatles,,1969,,3:05,1cPBcHmXkpc9xrIyS7JtSy,6dGnYIeXmHdcikdzNNDMm2,https://open.spotify.com/track/6dGnYIeXmHdcikdzNNDMm2
🎧 ごきげん補給所｜Joy Relief Station,10,Merry Christmas Mr. Lawrence,Ryuichi Sakamoto,,2024,,5:47,1cPBcHmXkpc9xrIyS7JtSy,3GN2dn9Mw0wliEv68ELDvG,https://open.spotify.com/track/3GN2dn9Mw0wliEv68ELDvG
🎧 ごきげん補給所｜Joy Relief Station,11,Volare (Nel Blu di Pinto di Blu),Gipsy Kings,,1989,,3:38,1cPBcHmXkpc9xrIyS7JtSy,4OjJAGDDZTLlTNeOMBl7UM,https://open.spotify.com/track/4OjJAGDDZTLlTNeOMBl7UM
🎧 ごきげん補給所｜Joy Relief Station,12,What A Wonderful World,Louis Armstrong,,1968,,2:19,1cPBcHmXkpc9xrIyS7JtSy,29U7stRjqHU6rMiS8BfaI9,https://open.spotify.com/track/29U7stRjqHU6rMiS8BfaI9
